Thiết bị,Line,Circuit,Chương trình CIP,Lưu lượng hồi (l/h),Tổng thời gian bước Xút,Độ dẫn điện Xút Bắt đầu,Độ dẫn điện Xút Kết thúc,Nhiệt độ Xút Bắt đầu,Nhiệt độ Xút Kết thúc,Tổng thời gian bước nước nóng,Nhiệt độ Nước nóng Bắt đầu,Nhiệt độ Nước nóng Kết thúc,Thời gian Bắt đầu CIP,Thời gian Kết thúc CIP,CIP kế tiếp
T7T2,MMB,4,Full,15012,0:31,36.28,36.63,80.09,88.14,0:06,88.54,95.4,06/02/25 15:51,06/02/25 16:57,11/02/25 16:57
T10T1,MMB,3,Full,20208,0:36,38.8,39.76,80.44,91.05,0:05,90.05,96.06,06/02/25 15:52,06/02/25 17:01,13/02/25 17:01
T3T1,MMB,5,Full,13750,0:36,37.93,39.32,81.24,91.29,0:06,89.16,97.44,06/02/25 15:56,06/02/25 17:06,13/02/25 17:06
T1T1,MMB,1,Full,6227,0:34,31.16,35.76,78.31,86.83,0:08,88.53,93.51,06/02/25 16:44,06/02/25 17:52,13/02/25 17:52
T11T1,MMB,3,Full,41238,0:40,33.68,36.89,80.75,89.78,0:08,88.61,94.97,06/02/25 17:04,06/02/25 18:22,20/02/25 18:22
T5T1,MMB,4,Full,18044,0:29,28.3,33.51,82.21,91.02,0:08,94.52,96.78,06/02/25 17:04,06/02/25 18:07,11/02/25 18:07
T3T2,MMB,5,Full,13935,0:35,34.11,36.81,84.29,94.65,0:13,94.39,97.57,06/02/25 17:06,06/02/25 18:15,13/02/25 18:15
T7T1,MMB,4,Full,11933,0:32,30.21,33.16,82.57,90.84,0:05,88.85,94.3,06/02/25 18:09,06/02/25 19:11,11/02/25 19:11
TransT3,MMB,5,Full,19803,0:00,,0.0,,0.0,0:00,,0.0,06/02/25 18:15,06/02/25 18:30,13/02/25 18:30
TranferTurbo,MMB,3,Full,0,0:00,,0.0,,0.0,0:00,,0.0,06/02/25 18:23,06/02/25 18:23,21/02/25 18:23
TranferTurbo,MMB,3,Full,0,0:59,30.73,33.51,84.18,91.32,0:10,88.11,95.6,06/02/25 18:30,06/02/25 18:30,21/02/25 18:30
TransT3,MMB,5,Full,19560,0:00,,0.0,,0.0,0:00,,0.0,06/02/25 18:31,06/02/25 18:36,13/02/25 18:36
T3T3,MMB,5,Full,15208,0:00,,0.0,,0.0,0:00,,0.0,06/02/25 18:39,06/02/25 19:34,13/02/25 19:34
T5T1T5T23,MMB,4,Full,21944,0:00,,0.0,,0.0,0:00,,0.0,06/02/25 19:14,06/02/25 19:50,11/02/25 19:50
T4T1,MMB,5,Full,13681,0:37,34.29,42.8,81.68,98.19,0:17,90.14,96.2,06/02/25 19:39,06/02/25 21:00,11/02/25 21:00
T5T1T5T23,MMB,4,Full,22488,0:00,,0.0,,0.0,0:00,,0.0,06/02/25 19:51,06/02/25 19:53,11/02/25 19:53
T5T2,MMB,4,Full,16829,0:30,33.85,38.72,80.62,92.97,0:04,90.58,97.79,06/02/25 19:53,06/02/25 20:52,11/02/25 20:52
SaulocMix2,MMB,1,Full,16794,0:48,36.28,37.07,85.57,89.92,0:05,89.16,94.81,06/02/25 19:54,06/02/25 21:20,13/02/25 21:20
Mix1Mix2,MMB,3,Full,18322,0:48,37.41,39.32,91.05,95.88,0:05,88.74,107.88,06/02/25 20:10,06/02/25 21:19,13/02/25 21:19
T5T1T5T23,MMB,4,Full,24329,0:29,29.95,37.07,86.24,93.77,0:04,89.43,97.09,06/02/25 20:55,06/02/25 21:48,11/02/25 21:48
T3T3,MMB,5,Full,11493,0:34,37.07,40.63,75.22,93.1,0:10,92.08,96.24,06/02/25 21:02,06/02/25 22:13,13/02/25 22:13
T10T2,MMB,3,Full,14039,0:39,32.12,35.68,84.18,92.04,0:06,89.87,97.45,06/02/25 21:19,06/02/25 22:32,13/02/25 22:32
T2T1,MMB,1,Full,11111,0:34,29.08,35.24,80.86,90.33,0:12,92.57,93.11,06/02/25 21:28,06/02/25 22:41,13/02/25 22:41
T13T1,MMB,4,Full,9722,0:32,29.77,30.47,84.87,88.14,0:04,88.59,91.86,06/02/25 21:50,06/02/25 22:56,11/02/25 22:56
T4T2,MMB,5,Full,13229,0:38,30.21,44.01,83.27,93.1,0:06,89.38,94.61,06/02/25 22:24,06/02/25 23:37,11/02/25 23:37
T11T2,MMB,3,Full,6328,0:39,28.39,44.62,84.41,93.21,0:06,90.05,95.02,06/02/25 22:34,06/02/25 23:47,20/02/25 23:47
T2T3,MMB,1,Full,27963,0:48,33.16,42.1,81.63,87.5,0:19,88.67,98.53,06/02/25 22:44,07/02/25 0:25,14/02/25 00:25
T13T2,MMB,4,Full,10602,0:32,38.28,38.8,82.79,93.23,0:04,88.54,91.51,06/02/25 22:58,07/02/25 0:02,12/02/25 0:02
TransT3,MMB,5,Full,20000,0:29,29.51,41.93,85.97,96.29,0:05,93.01,98.19,06/02/25 23:41,07/02/25 0:31,14/02/25 00:31
T12T1,MMB,3,Full,11771,0:38,30.56,40.1,82.51,91.72,0:08,90.37,94.43,06/02/25 23:59,07/02/25 1:13,14/02/25 01:13
T8T1,MMB,4,Full,0,0:00,,0.0,,0.0,0:00,,0.0,07/02/25 0:27,07/02/25 0:28,12/02/25 0:28
T8T1,MMB,4,Full,11215,0:32,34.38,35.5,85.31,92.97,0:05,88.59,93.19,07/02/25 0:28,07/02/25 1:34,12/02/25 1:34
T4HuongMau,MMB,5,Full,15000,0:29,34.29,38.98,86.46,98.1,0:05,100.1,100.05,07/02/25 0:36,07/02/25 1:27,12/02/25 1:27
T2T4,MMB,1,Full,10949,0:35,8.59,38.11,81.94,88.26,0:14,90.82,94.45,07/02/25 1:23,07/02/25 2:38,14/02/25 02:38
T12T2,MMB,3,Full,12778,0:39,33.51,37.59,86.53,92.76,0:06,88.61,94.93,07/02/25 1:25,07/02/25 2:36,14/02/25 02:36
T8T2,MMB,4,Full,0,0:42,34.9,35.07,83.54,92.75,0:00,,0.0,07/02/25 1:44,07/02/25 2:35,12/02/25 2:35
ThanhTrung2,MMB,5,Full,0,0:00,,0.0,,0.0,0:00,,0.0,07/02/25 1:53,07/02/25 1:57,10/02/25 1:57
ThanhTrung2,MMB,5,Full,0,0:00,,0.0,,0.0,0:00,,0.0,07/02/25 1:58,07/02/25 2:01,10/02/25 2:01
ThanhTrung2,MMB,5,Full,0,0:00,,0.0,,0.0,0:00,,0.0,07/02/25 2:01,07/02/25 2:04,10/02/25 2:04
ThanhTrung2,MMB,5,Full,0,0:00,,0.0,,0.0,0:00,,0.0,07/02/25 2:04,07/02/25 2:09,10/02/25 2:09
T8Rework,MMB,2,Full,0,0:30,28.73,33.51,84.86,84.86,0:04,91.58,96.94,07/02/25 2:06,07/02/25 2:06,12/02/25 2:06
T4T3,MMB,5,Full,8947,0:36,33.51,35.33,82.48,93.85,0:11,93.28,96.24,07/02/25 2:10,07/02/25 4:24,14/02/25 04:24
T8T2,MMB,4,Full,0,0:00,,0.0,,0.0,0:00,,0.0,07/02/25 2:35,07/02/25 2:38,12/02/25 2:38
T8T2,MMB,4,Full,0,0:00,,0.0,,0.0,0:00,,0.0,07/02/25 3:03,07/02/25 3:20,12/02/25 3:20
GumMix1,MMB,3,Full,0,0:00,,0.0,,0.0,0:00,,0.0,07/02/25 3:04,07/02/25 3:04,14/02/25 03:04
MuoiMix1,MMB,3,Full,0,0:00,,0.0,,0.0,0:00,,0.0,07/02/25 3:04,07/02/25 3:05,14/02/25 03:05
GumMix1,MMB,3,Full,14016,0:29,30.56,36.28,86.35,102.6,0:04,99.8,99.98,07/02/25 3:05,07/02/25 4:00,14/02/25 04:00
T8T2,MMB,4,Full,10891,0:34,31.51,31.51,84.07,91.24,0:05,89.21,97.0,07/02/25 4:21,07/02/25 5:26,12/02/25 5:26
HuongMix3,MMB,4,Full,22292,0:29,29.95,37.41,90.76,94.25,0:04,94.43,97.35,07/02/25 5:27,07/02/25 6:16,12/02/25 6:16
STT2Mix3,MMB,5,Full,21146,0:29,31.34,40.54,84.56,98.1,0:05,90.49,96.82,07/02/25 5:28,07/02/25 6:15,12/02/25 6:15
ThanhTrung2,MMB,5,Full,0,0:00,,0.0,,0.0,0:00,,0.0,07/02/25 6:32,07/02/25 6:34,12/02/25 6:34
ThanhTrung2,MMB,5,Full,0,0:00,,0.0,,0.0,0:00,,0.0,07/02/25 6:42,07/02/25 6:54,12/02/25 6:54
ThanhTrung2,MMB,5,Full,26806,0:29,28.82,70.23,84.34,88.54,0:05,93.19,95.76,07/02/25 6:58,07/02/25 7:57,12/02/25 7:57
Saltwater,MMB,1,Full,14039,0:36,45.14,54.6,80.95,84.63,0:13,92.12,93.38,07/02/25 7:06,07/02/25 8:44,14/02/25 08:44
T7T3,MMB,4,Full,12338,0:32,42.1,47.57,81.68,88.54,0:07,90.4,98.02,07/02/25 7:21,07/02/25 8:20,12/02/25 10:20
FILLER,MMB,2,Full,19618,0:00,,0.0,,0.0,0:00,,0.0,07/02/25 8:15,07/02/25 8:23,12/02/25 8:23
TransT13T8,MMB,4,Full,21667,0:29,33.25,48.35,88.63,98.28,0:05,91.42,96.47,07/02/25 8:25,07/02/25 9:15,12/02/25 9:15
FILLER,MMB,2,Full,0,0:00,,0.0,,0.0,0:00,,0.0,07/02/25 8:35,07/02/25 8:45,12/02/25 8:45
FILLER,MMB,2,Full,8669,0:00,,0.0,,0.0,0:00,,0.0,07/02/25 8:49,07/02/25 8:59,12/02/25 8:59
FILLER,MMB,2,Full,17049,0:45,32.73,44.62,82.36,84.45,0:04,94.09,96.05,07/02/25 9:11,07/02/25 10:46,12/02/25 10:46
T5T3,MMB,4,Full,13160,0:32,29.6,43.66,83.24,92.57,0:05,93.83,97.19,07/02/25 10:02,07/02/25 11:01,12/02/25 11:01
T5T3,MMB,4,Semi,0,0:00,,0.0,,0.0,0:00,,0.0,07/02/25 16:55,07/02/25 16:57,12/02/25 16:57
T1T2,MMB,1,Full,10370,0:46,37.85,44.01,80.55,88.35,0:10,90.55,93.33,07/02/25 21:58,07/02/25 23:28,14/02/25 23:28
T2T2,MMB,1,Full,41331,0:47,39.5,44.01,81.81,93.47,0:15,88.26,92.61,08/02/25 14:12,08/02/25 15:51,15/02/25 15:51
T4T1,MMB,5,Full,10567,0:43,30.21,38.8,81.55,87.52,0:10,89.56,97.09,08/02/25 22:49,09/02/25 0:13,14/02/25 00:13
T7T1,MMB,4,Full,10081,0:32,31.86,32.55,80.55,89.88,0:04,89.92,95.57,08/02/25 23:30,09/02/25 0:36,14/02/25 00:36
T4T3,MMB,5,Full,15301,0:40,34.29,38.28,80.53,93.23,0:12,90.27,96.38,09/02/25 1:26,09/02/25 2:40,16/02/25 02:40
T5T1,MMB,4,Full,17407,0:29,28.56,33.59,80.77,91.36,0:04,88.98,97.23,09/02/25 1:27,09/02/25 2:29,14/02/25 02:29
T5T1T5T23,MMB,4,Full,5706,0:29,34.64,34.64,83.11,97.95,0:04,88.71,99.84,09/02/25 2:40,09/02/25 3:30,14/02/25 03:30
T5T2,MMB,4,Full,10833,0:32,31.86,32.12,80.86,90.01,0:06,90.78,96.02,09/02/25 4:45,09/02/25 5:49,14/02/25 05:49
T10T1,MMB,3,Full,21609,0:32,32.64,34.2,81.11,91.63,0:05,89.33,96.01,09/02/25 4:50,09/02/25 5:53,16/02/25 05:53
T7T1,MMB,4,Semi,0,0:00,,0.0,,0.0,0:00,,0.0,10/02/25 6:46,10/02/25 6:54,15/02/25 06:54
T11T1,MMB,3,Full,11389,0:36,32.55,33.42,80.8,90.05,0:25,88.7,93.98,10/02/25 6:49,10/02/25 8:34,24/02/25 08:34
TransT3,MMB,5,Full,7118,0:29,33.68,34.29,82.74,94.92,0:09,95.01,96.86,10/02/25 6:56,10/02/25 7:57,17/02/25 07:57
T5T1,MMB,4,Semi,0,0:00,,0.0,,0.0,0:00,,0.0,10/02/25 7:02,10/02/25 7:14,15/02/25 07:14
T5T1T5T23,MMB,4,Semi,0,0:00,,0.0,,0.0,0:00,,0.0,10/02/25 7:30,10/02/25 7:44,15/02/25 07:44
HuongMix3,MMB,4,Full,16748,0:32,32.64,32.64,82.34,98.71,0:10,91.49,101.23,10/02/25 7:48,10/02/25 8:47,15/02/25 08:47
STT2Mix3,MMB,5,Full,17674,0:29,31.77,33.33,90.36,103.7,0:07,96.55,99.88,10/02/25 7:58,10/02/25 8:52,15/02/25 08:52
T10T1,MMB,3,Semi,0,0:00,,0.0,,0.0,0:00,,0.0,10/02/25 8:38,10/02/25 8:51,17/02/25 08:51
TransT13T8,MMB,4,Full,20613,0:37,28.65,47.57,82.52,102.8,0:04,88.53,101.94,10/02/25 8:55,10/02/25 9:50,15/02/25 09:50
T10T2,MMB,3,Full,15266,0:40,20.14,35.94,86.08,90.64,0:06,88.7,95.69,10/02/25 8:56,10/02/25 10:16,17/02/25 10:16
T8Rework,MMB,2,Full,0,0:29,35.68,35.68,86.68,104.3,0:05,93.31,106.98,10/02/25 9:14,10/02/25 9:14,15/02/25 09:14
T4HuongMau,MMB,5,Full,12870,0:30,38.11,38.11,86.33,102.8,0:11,104.1,104.13,10/02/25 9:19,10/02/25 10:18,15/02/25 10:18
T8T1,MMB,4,Full,18958,0:37,31.6,34.81,82.39,93.51,0:05,90.01,95.93,10/02/25 9:53,10/02/25 11:03,15/02/25 11:03
T11T2,MMB,3,Full,12928,0:41,29.08,33.16,86.98,91.68,0:05,90.73,97.36,10/02/25 10:18,10/02/25 11:32,24/02/25 11:32
FILLER,MMB,2,Full,16470,0:31,39.58,39.67,83.34,96.69,0:06,92.03,105.52,10/02/25 10:33,10/02/25 12:14,15/02/25 12:14
T8T2,MMB,4,Full,10949,0:33,37.5,40.02,82.52,94.63,0:04,88.76,96.11,10/02/25 11:13,10/02/25 12:15,15/02/25 12:15
T12T1,MMB,3,Full,6771,0:39,27.95,39.24,82.97,89.65,0:01,88.7,90.14,10/02/25 11:42,10/02/25 12:44,17/02/25 12:44
T7T2,MMB,4,Full,10822,0:49,34.64,35.33,83.73,90.24,0:05,88.53,94.77,10/02/25 12:27,10/02/25 13:46,15/02/25 13:46
MuoiMix1,MMB,3,Full,12512,0:00,,0.0,,0.0,0:03,,94.57,10/02/25 12:44,10/02/25 12:54,17/02/25 12:54
GumMix1,MMB,3,Full,15775,0:29,34.9,39.41,84.73,101.0,0:05,90.91,107.25,10/02/25 12:54,10/02/25 13:44,17/02/25 13:44
Mix1Mix2,MMB,3,Full,22049,0:29,37.59,38.89,87.52,100.6,0:04,88.83,108.83,10/02/25 13:46,10/02/25 14:35,17/02/25 14:35
SaulocMix2,MMB,1,Full,16204,0:29,34.38,36.89,84.18,94.23,0:05,89.21,96.7,10/02/25 13:46,10/02/25 14:37,17/02/25 14:37
T5T2,MMB,4,Semi,0,0:00,,0.0,,0.0,0:00,,0.0,10/02/25 13:47,10/02/25 13:54,15/02/25 13:54
T12T2,MMB,3,Full,7882,0:39,31.77,35.59,82.15,91.14,0:07,88.79,93.53,10/02/25 14:35,10/02/25 15:48,17/02/25 15:48
T13T1,MMB,4,Full,10903,0:32,32.03,32.73,80.68,89.07,0:07,88.62,97.32,11/02/25 9:14,11/02/25 10:29,16/02/25 10:29
T13T2,MMB,4,Full,11806,0:34,28.65,48.26,83.51,88.89,0:05,88.76,97.01,11/02/25 12:28,11/02/25 13:42,16/02/25 13:42
T4T2,MMB,5,Full,14039,0:35,38.63,41.93,86.02,92.08,0:13,90.31,97.4,11/02/25 12:54,11/02/25 14:06,16/02/25 14:06
T2T1,MMB,1,Full,11204,0:38,38.19,134.1,81.76,87.01,0:07,91.9,95.66,11/02/25 16:03,11/02/25 17:16,18/02/25 17:16
ThanhTrung2,MMB,5,Full,28646,0:29,30.38,40.45,82.17,89.87,0:07,93.59,95.54,11/02/25 22:31,11/02/25 23:38,16/02/25 23:38
T2T4,MMB,1,Full,11910,0:37,39.67,39.67,80.5,87.28,0:11,89.34,95.53,12/02/25 1:25,12/02/25 2:34,19/02/25 02:34
T7T3,MMB,4,Full,11944,0:32,32.99,36.55,88.17,89.7,0:05,90.87,95.84,12/02/25 6:00,12/02/25 7:03,17/02/25 09:03
T5T3,MMB,4,Full,13264,0:29,31.6,36.11,81.04,89.21,0:06,88.85,95.98,12/02/25 15:42,12/02/25 16:43,17/02/25 18:43
T3T1,MMB,5,Full,15475,0:39,31.16,37.76,81.64,87.92,0:11,93.54,94.83,13/02/25 06:35,13/02/25 07:54,20/02/25 07:54
T1T1,MMB,1,Full,11157,0:32,31.6,34.11,80.5,87.23,0:07,88.71,94.59,13/02/25 07:44,13/02/25 08:52,20/02/25 08:52
T3T2,MMB,5,Full,14525,0:35,35.76,35.76,85.18,92.44,0:14,91.91,97.0,13/02/25 08:34,13/02/25 09:48,20/02/25 09:48
T3T3,MMB,5,Full,14664,0:33,33.85,33.85,82.57,92.75,0:08,94.56,95.23,13/02/25 09:56,13/02/25 11:00,20/02/25 11:00
T7T1,MMB,4,Full,10799,0:33,31.94,31.94,80.59,92.3,0:08,95.26,98.13,13/02/25 10:45,13/02/25 11:51,18/02/25 11:51
T2T3,MMB,1,Full,10949,0:32,29.6,31.86,82.12,88.62,0:08,90.64,93.06,13/02/25 11:06,13/02/25 12:14,20/02/25 12:14
T4T1,MMB,5,Full,14651,0:35,29.6,32.03,82.61,92.66,0:16,91.86,96.78,13/02/25 14:54,13/02/25 16:18,18/02/25 16:18
T8Rework,MMB,2,Full,0,0:00,,0.0,,0.0,0:00,,0.0,13/02/25 16:26,13/02/25 16:26,18/02/25 16:26
T8Rework,MMB,2,Semi,0,0:00,,0.0,,0.0,0:00,,0.0,13/02/25 16:30,13/02/25 16:30,18/02/25 16:30
T2T2,MMB,1,Full,11204,0:34,30.12,30.73,81.09,85.71,0:08,88.35,93.69,13/02/25 17:59,13/02/25 19:07,20/02/25 19:07
T5T2,MMB,4,Full,11678,0:36,20.14,34.98,80.28,88.67,0:07,94.41,98.44,14/02/25 02:37,14/02/25 03:43,19/02/25 03:43
Saltwater,MMB,1,Full,12917,0:31,30.9,33.25,80.46,84.05,0:10,88.58,90.69,14/02/25 08:54,14/02/25 10:29,21/02/25 10:29
T5T2,MMB,4,Full,11875,0:33,33.25,33.25,81.18,90.51,0:06,88.89,95.17,14/02/25 09:14,14/02/25 10:17,19/02/25 10:17
T5T1,MMB,4,Semi,0,0:00,,0.0,,0.0,0:00,,0.0,14/02/25 11:10,14/02/25 11:18,19/02/25 11:18
T5T1,MMB,4,Full,17106,0:37,34.2,34.2,82.16,92.88,0:11,89.65,97.32,14/02/25 11:21,14/02/25 12:31,19/02/25 12:31
TransT13T8,MMB,4,Full,19595,0:32,31.34,37.59,85.26,100.6,0:04,90.15,105.53,14/02/25 14:55,14/02/25 15:46,19/02/25 15:46
FILLER,MMB,2,Semi,20428,0:30,28.65,34.98,87.69,88.97,0:05,93.63,98.38,14/02/25 16:27,14/02/25 17:42,19/02/25 17:42
TransT3,MMB,5,Full,20671,0:29,36.72,37.07,82.3,94.43,0:12,96.69,98.1,15/02/25 00:25,15/02/25 01:26,20/02/25 01:26
T1T2,MMB,1,Full,9965,0:32,30.9,34.11,80.55,87.19,0:06,89.12,92.75,15/02/25 01:10,15/02/25 02:17,22/02/25 02:17
T5T1T5T23,MMB,4,Semi,0,0:00,,0.0,,0.0,0:00,,0.0,15/02/25 01:54,15/02/25 02:00,20/02/25 02:00
T5T1T5T23,MMB,4,Full,22188,0:29,29.69,33.68,88.31,99.3,0:04,93.56,98.18,15/02/25 02:00,15/02/25 02:46,20/02/25 02:46
T4HuongMau,MMB,5,Semi,0,0:00,,0.0,,0.0,0:00,,0.0,15/02/25 03:34,15/02/25 03:41,20/02/25 03:41
T8T1,MMB,4,Full,266,0:37,30.99,30.99,82.43,93.42,0:09,89.79,95.8,15/02/25 03:51,15/02/25 05:01,20/02/25 05:01
T4HuongMau,MMB,5,Full,13900,0:30,29.17,33.68,81.59,98.64,0:15,94.03,101.47,15/02/25 03:57,15/02/25 05:10,20/02/25 05:10
T7T2,MMB,4,Full,11007,0:39,28.73,39.67,81.27,91.85,0:05,88.8,96.83,15/02/25 06:25,15/02/25 07:28,20/02/25 07:28
HuongMix3,MMB,4,Full,18981,0:29,33.16,38.19,87.37,96.16,0:04,92.43,97.5,15/02/25 08:12,15/02/25 09:06,20/02/25 09:06
STT2Mix3,MMB,5,Full,17894,0:29,43.66,43.66,82.3,98.02,0:07,96.47,98.95,15/02/25 08:13,15/02/25 09:04,20/02/25 09:04
T8T2,MMB,4,Semi,0,0:00,,0.0,,0.0,0:00,,0.0,15/02/25 11:02,15/02/25 11:03,20/02/25 11:03
T8T2,MMB,4,Semi,0,0:00,,0.0,,0.0,0:00,,0.0,15/02/25 11:05,15/02/25 11:06,20/02/25 11:06
T8T2,MMB,4,Semi,13044,0:00,,0.0,,0.0,0:00,,0.0,15/02/25 11:08,15/02/25 11:11,20/02/25 11:11
T8T2,MMB,4,Full,0,0:00,,0.0,,0.0,0:00,,0.0,15/02/25 11:11,15/02/25 11:13,20/02/25 11:13
T8T2,MMB,4,Full,16238,0:00,,0.0,,0.0,0:00,,0.0,15/02/25 11:14,15/02/25 11:14,20/02/25 11:14
T8T2,MMB,4,Full,11238,0:38,36.89,36.98,82.16,92.26,0:05,88.08,95.66,15/02/25 11:14,15/02/25 12:22,20/02/25 12:22
T8Rework,MMB,2,Semi,0,0:30,1.65,40.89,80.55,102.3,0:06,101.6,106.57,15/02/25 11:37,15/02/25 11:37,20/02/25 11:37
T4T3,MMB,5,Full,13171,0:37,39.84,39.84,82.96,87.88,0:09,90.4,95.4,16/02/25 00:51,16/02/25 02:05,23/02/25 02:05
T10T1,MMB,3,Semi,0,0:00,,0.0,,0.0,0:00,,0.0,16/02/25 03:56,16/02/25 04:08,23/02/25 04:08
T10T1,MMB,3,Full,21516,0:29,37.93,38.19,81.97,90.46,0:04,90.46,96.37,16/02/25 04:15,16/02/25 05:14,23/02/25 05:14
T1T2,MMB,1,Full,-486,0:00,,0.0,,0.0,0:07,89.61,90.33,16/02/25 06:48,16/02/25 07:13,23/02/25 07:13
T2T1,MMB,1,Full,14236,0:35,36.37,36.37,82.97,87.46,0:06,90.01,94.54,16/02/25 07:13,16/02/25 08:24,23/02/25 08:24
T13T1,MMB,4,Full,0,0:00,,0.0,,0.0,0:00,,0.0,16/02/25 07:30,16/02/25 07:31,21/02/25 07:31
T13T1,MMB,4,Full,11435,0:34,9.2,36.98,83.2,92.17,0:06,88.31,95.48,16/02/25 07:31,16/02/25 08:34,21/02/25 08:34
T2T4,MMB,1,Full,12766,0:32,33.33,34.03,81.09,91.63,0:07,88.04,93.11,16/02/25 08:25,16/02/25 09:31,23/02/25 09:31
T13T2,MMB,4,Full,10394,0:31,18.66,33.51,81.9,94.18,0:05,88.08,95.84,16/02/25 08:42,16/02/25 09:42,21/02/25 09:42
T4T2,MMB,5,Full,0,0:00,,0.0,,0.0,0:00,,0.0,16/02/25 10:14,16/02/25 10:14,21/02/25 10:14
T4T2,MMB,5,Full,12697,0:31,34.46,34.46,82.26,93.46,0:09,91.6,95.93,16/02/25 10:14,16/02/25 11:26,21/02/25 11:26
T5T3,MMB,4,Full,11030,0:32,29.51,30.03,81.4,90.01,0:06,88.08,94.0,16/02/25 15:16,16/02/25 16:18,21/02/25 16:18
T7T3,MMB,4,Full,11481,0:29,31.16,34.81,86.38,95.08,0:05,88.98,99.12,16/02/25 16:25,16/02/25 17:22,21/02/25 19:22
T7T1,MMB,4,Full,10255,0:30,34.11,34.11,84.5,90.46,0:05,88.53,95.75,16/02/25 18:48,16/02/25 19:47,21/02/25 19:47
T13T1,MMB,4,Full,9826,0:35,32.47,33.33,81.58,91.63,0:04,89.16,95.89,16/02/25 20:26,16/02/25 21:30,21/02/25 21:30
T13T2,MMB,4,Full,10625,0:35,32.38,38.02,82.57,90.87,0:05,88.71,95.62,16/02/25 21:54,16/02/25 22:58,21/02/25 22:58
T10T1,MMB,3,Full,25532,0:29,29.34,38.02,82.2,91.05,0:04,89.38,96.46,16/02/25 22:17,16/02/25 23:14,23/02/25 23:14
T10T2,MMB,3,Full,14688,0:41,23.87,35.94,84.82,90.73,0:05,88.92,99.13,16/02/25 23:38,17/02/25 00:54,24/02/25 00:54
T5T1T5T23,MMB,4,Full,22326,0:29,31.6,34.9,87.91,97.14,0:04,88.71,100.01,16/02/25 23:43,17/02/25 00:33,22/02/25 00:33
ThanhTrung2,MMB,5,Full,23032,0:30,29.95,35.33,84.96,90.49,0:06,91.73,94.56,16/02/25 23:52,17/02/25 01:21,22/02/25 01:21
FILLER,MMB,2,Full,9236,0:29,30.56,35.85,86.45,99.89,0:04,92.4,104.05,17/02/25 00:32,17/02/25 02:32,22/02/25 02:32
T12T1,MMB,3,Full,11192,0:31,29.51,48.61,86.17,93.08,0:07,89.78,93.17,17/02/25 01:08,17/02/25 02:13,24/02/25 02:13
TransT13T8,MMB,4,Full,19248,0:30,31.16,47.66,92.61,100.1,0:05,90.1,98.76,17/02/25 01:11,17/02/25 01:59,22/02/25 01:59
TransT3,MMB,5,Full,6736,0:29,35.59,40.02,87.7,97.04,0:00,,0.0,17/02/25 01:44,17/02/25 03:14,22/02/25 03:14
TranferTurbo,MMB,3,Full,0,0:33,36.37,38.8,84.55,92.53,0:15,88.79,96.24,17/02/25 02:16,17/02/25 02:16,04/03/25 2:16
HuongMix3,MMB,4,Full,-509,0:44,34.38,35.76,92.48,95.89,0:00,,0.0,17/02/25 03:18,17/02/25 04:10,22/02/25 04:10
STT2Mix3,MMB,5,Full,18333,0:29,36.81,40.36,84.73,99.21,0:00,,0.0,17/02/25 03:18,17/02/25 04:10,22/02/25 04:10
MuoiMix1,MMB,3,Full,0,0:00,,0.0,,0.0,0:00,,0.0,17/02/25 03:31,17/02/25 03:31,24/02/25 03:31
GumMix1,MMB,3,Full,14873,0:30,35.59,40.02,85.45,101.4,0:07,89.92,107.7,17/02/25 03:31,17/02/25 04:24,24/02/25 04:24
T12T2,MMB,3,Full,16667,0:40,29.77,36.63,81.07,89.92,0:05,88.7,95.69,17/02/25 04:24,17/02/25 05:37,24/02/25 05:37
T8Rework,MMB,2,Full,0,0:29,30.9,36.2,87.05,101.9,0:06,92.26,104.92,17/02/25 04:38,17/02/25 04:38,22/02/25 04:38
TranferTurbo,MMB,3,Full,0,0:37,37.24,37.24,81.75,89.69,0:08,88.29,93.75,18/02/25 07:53,18/02/25 07:53,05/03/25 7:53
T4HuongMau,MMB,5,Full,13650,0:29,34.55,36.63,97.13,101.9,0:09,100.3,104.08,18/02/25 08:00,18/02/25 09:16,23/02/25 09:16
FILLER,MMB,2,Full,6470,0:00,,0.0,,0.0,0:00,,0.0,18/02/25 08:14,18/02/25 08:24,23/02/25 08:24
FILLER,MMB,2,Full,0,0:00,,0.0,,0.0,0:00,,0.0,18/02/25 08:31,18/02/25 08:32,23/02/25 08:32
FILLER,MMB,2,Full,7801,0:31,29.08,32.55,81.24,88.19,0:04,92.35,100.4,18/02/25 08:33,18/02/25 09:46,23/02/25 09:46
STT2Mix3,MMB,5,Full,18148,1:04,24.24,28.75,87.52,99.79,0:05,92.66,99.43,18/02/25 09:20,18/02/25 11:18,23/02/25 11:18
T10T1,MMB,3,Full,13623,0:30,29.69,32.12,83.33,89.96,0:07,89.69,98.58,18/02/25 10:06,18/02/25 11:22,25/02/25 11:22
HuongMix3,MMB,4,Full,18056,0:30,30.64,30.99,86.43,96.47,0:04,89.92,98.53,18/02/25 10:20,18/02/25 11:07,23/02/25 11:07
TransT13T8,MMB,4,Full,18484,0:00,,0.0,,0.0,0:05,90.73,110.78,18/02/25 11:10,18/02/25 11:26,23/02/25 11:26
T10T2,MMB,3,Full,13241,0:00,,0.0,,0.0,0:06,90.19,101.83,18/02/25 11:24,18/02/25 11:52,25/02/25 11:52
ThanhTrung2,MMB,5,Semi,0,0:00,,0.0,,0.0,0:00,,0.0,18/02/25 11:57,18/02/25 12:08,23/02/25 12:08
GumMix1,MMB,3,Full,0,0:00,,0.0,,0.0,0:00,,0.0,18/02/25 12:29,18/02/25 12:30,25/02/25 12:30
MuoiMix1,MMB,3,Full,11389,0:00,,0.0,,0.0,0:05,101.5,106.57,18/02/25 12:30,18/02/25 12:53,25/02/25 12:53
TransT3,MMB,5,Full,18692,0:00,,0.0,,0.0,0:04,93.9,104.97,18/02/25 12:47,18/02/25 13:02,23/02/25 13:02
T12T1,MMB,3,Full,11852,0:00,,0.0,,0.0,0:08,89.65,93.89,18/02/25 13:02,18/02/25 13:29,25/02/25 13:29
T1T2,MMB,1,Full,10810,0:32,28.04,29.34,81.49,87.01,0:06,88.58,93.83,18/02/25 13:05,18/02/25 14:07,25/02/25 14:07
T12T2,MMB,3,Full,11678,0:00,,0.0,,0.0,0:05,88.92,96.91,18/02/25 13:30,18/02/25 13:53,25/02/25 13:53
Mix1Mix2,MMB,3,Full,17569,0:30,33.16,33.68,86.4,100.3,0:05,88.11,108.11,18/02/25 14:00,18/02/25 14:51,25/02/25 14:51
SaulocMix2,MMB,1,Full,17384,0:30,30.21,31.51,83.42,94.32,0:04,88.53,97.5,18/02/25 14:07,18/02/25 14:58,25/02/25 14:58
TransT3,MMB,5,Semi,0,0:00,,0.0,,0.0,0:00,,0.0,18/02/25 14:09,18/02/25 14:16,23/02/25 14:16
T4T1,MMB,5,Full,12951,0:31,30.28,35.14,84.16,90.14,0:13,93.15,96.95,18/02/25 14:59,18/02/25 16:20,23/02/25 16:20
T3T2,MMB,5,Full,13194,0:34,31.18,35.76,84.38,93.63,0:08,93.9,95.76,18/02/25 17:47,18/02/25 18:52,25/02/25 18:52
T5T2,MMB,4,Full,12431,0:31,38.89,40.02,80.73,89.79,0:08,94.99,97.95,18/02/25 23:40,19/02/25 00:45,24/02/25 00:45
T7T2,MMB,4,Full,12789,0:31,35.42,38.02,80.86,91.67,0:05,88.53,96.79,19/02/25 01:02,19/02/25 02:06,24/02/25 02:06
T1T1,MMB,1,Full,8657,0:35,36.02,38.54,81.58,88.17,0:07,88.85,92.93,19/02/25 10:14,19/02/25 11:26,26/02/25 11:26
T3T1,MMB,5,Full,13102,0:32,31.32,34.17,81.06,90.05,0:08,92.35,94.96,19/02/25 14:20,19/02/25 15:22,26/02/25 15:22
T5T1,MMB,4,Full,17789,0:29,37.24,38.11,81.13,92.08,0:04,88.98,98.53,19/02/25 17:58,19/02/25 18:59,24/02/25 18:59
T8T1,MMB,4,Full,12431,0:32,31.08,35.94,84.05,90.24,0:05,88.53,96.7,19/02/25 23:05,20/02/25 00:11,25/02/25 00:11
T3T3,MMB,5,Full,15035,0:35,30.63,33.33,81.1,89.52,0:07,88.54,95.8,20/02/25 04:33,20/02/25 05:38,27/02/25 05:38
T8T2,MMB,4,Full,11991,0:31,34.55,36.46,80.73,92.21,0:05,88.53,93.15,20/02/25 04:37,20/02/25 05:38,25/02/25 05:38
